{
	"format_version": "1.21.6",
	"credit": "Made with Blockbench",
	"texture_size": [64, 64],
	"textures": {
		"0": "block/Transats_rouge",
		"particle": "block/Transats_rouge"
	},
	"elements": [
		{
			"from": [0, 1, 0],
			"to": [1, 9, 1],
			"rotation": {"angle": -45, "axis": "z", "origin": [0, 1, 0]},
			"faces": {
				"north": {"uv": [4.5, 7.25, 4.75, 9.25], "texture": "#0"},
				"east": {"uv": [7.25, 6.5, 7.5, 8.5], "texture": "#0"},
				"south": {"uv": [1, 7.5, 1.25, 9.5], "texture": "#0"},
				"west": {"uv": [1.25, 7.5, 1.5, 9.5], "texture": "#0"},
				"up": {"uv": [8.25, 6.75, 8, 6.5], "texture": "#0"},
				"down": {"uv": [8.25, 6.75, 8, 7], "texture": "#0"}
			}
		},
		{
			"from": [25.5, 1.25, 0],
			"to": [26.5, 9.25, 1],
			"rotation": {"angle": -45, "axis": "z", "origin": [25, 1, 0]},
			"faces": {
				"north": {"uv": [1.5, 7.5, 1.75, 9.5], "texture": "#0"},
				"east": {"uv": [1.75, 7.5, 2, 9.5], "texture": "#0"},
				"south": {"uv": [2, 7.5, 2.25, 9.5], "texture": "#0"},
				"west": {"uv": [2.25, 7.5, 2.5, 9.5], "texture": "#0"},
				"up": {"uv": [8.25, 7.25, 8, 7], "texture": "#0"},
				"down": {"uv": [8.25, 7.25, 8, 7.5], "texture": "#0"}
			}
		},
		{
			"from": [25.5, 1.25, 15],
			"to": [26.5, 9.25, 16],
			"rotation": {"angle": -45, "axis": "z", "origin": [25, 1, 15]},
			"faces": {
				"north": {"uv": [2.5, 7.5, 2.75, 9.5], "texture": "#0"},
				"east": {"uv": [2.75, 7.5, 3, 9.5], "texture": "#0"},
				"south": {"uv": [3, 7.5, 3.25, 9.5], "texture": "#0"},
				"west": {"uv": [3.25, 7.5, 3.5, 9.5], "texture": "#0"},
				"up": {"uv": [7.75, 8.25, 7.5, 8], "texture": "#0"},
				"down": {"uv": [8.25, 7.5, 8, 7.75], "texture": "#0"}
			}
		},
		{
			"from": [0, 1, 15],
			"to": [1, 9, 16],
			"rotation": {"angle": -45, "axis": "z", "origin": [0, 1, 15]},
			"faces": {
				"north": {"uv": [3.5, 7.5, 3.75, 9.5], "texture": "#0"},
				"east": {"uv": [3.75, 7.5, 4, 9.5], "texture": "#0"},
				"south": {"uv": [4, 7.5, 4.25, 9.5], "texture": "#0"},
				"west": {"uv": [4.25, 7.5, 4.5, 9.5], "texture": "#0"},
				"up": {"uv": [8, 8.25, 7.75, 8], "texture": "#0"},
				"down": {"uv": [8.25, 7.75, 8, 8], "texture": "#0"}
			}
		},
		{
			"from": [0, 0, 0.001],
			"to": [1, 1, 1.001],
			"faces": {
				"north": {"uv": [8, 8, 8.25, 8.25], "texture": "#0"},
				"east": {"uv": [8.25, 6.5, 8.5, 6.75], "texture": "#0"},
				"south": {"uv": [8.25, 6.75, 8.5, 7], "texture": "#0"},
				"west": {"uv": [8.25, 7, 8.5, 7.25], "texture": "#0"},
				"up": {"uv": [8.5, 7.5, 8.25, 7.25], "texture": "#0"},
				"down": {"uv": [7.75, 8.25, 7.5, 8.5], "texture": "#0"}
			}
		},
		{
			"from": [0, 0, 15.001],
			"to": [1, 1, 16.001],
			"rotation": {"angle": 0, "axis": "y", "origin": [0, 0, 15]},
			"faces": {
				"north": {"uv": [8.25, 7.5, 8.5, 7.75], "texture": "#0"},
				"east": {"uv": [7.75, 8.25, 8, 8.5], "texture": "#0"},
				"south": {"uv": [8.25, 7.75, 8.5, 8], "texture": "#0"},
				"west": {"uv": [8, 8.25, 8.25, 8.5], "texture": "#0"},
				"up": {"uv": [8.5, 8.25, 8.25, 8], "texture": "#0"},
				"down": {"uv": [8.5, 8.25, 8.25, 8.5], "texture": "#0"}
			}
		},
		{
			"from": [5.65, 5.654, 0.001],
			"to": [32, 6.654, 1.001],
			"rotation": {"angle": 0, "axis": "y", "origin": [6, 6, 0]},
			"faces": {
				"north": {"uv": [5.75, 3, 12.25, 3.25], "texture": "#0"},
				"east": {"uv": [8.5, 6.5, 8.75, 6.75], "texture": "#0"},
				"south": {"uv": [5.75, 3.25, 12.25, 3.5], "texture": "#0"},
				"west": {"uv": [8.5, 6.75, 8.75, 7], "texture": "#0"},
				"up": {"uv": [12.25, 3.75, 5.75, 3.5], "texture": "#0"},
				"down": {"uv": [12.25, 3.75, 5.75, 4], "texture": "#0"}
			}
		},
		{
			"from": [5.65, 5.654, 15.001],
			"to": [32, 6.654, 16.001],
			"rotation": {"angle": 0, "axis": "y", "origin": [6, 6, 15]},
			"faces": {
				"north": {"uv": [5.75, 4, 12.25, 4.25], "texture": "#0"},
				"east": {"uv": [8.5, 7, 8.75, 7.25], "texture": "#0"},
				"south": {"uv": [5.75, 4.25, 12.25, 4.5], "texture": "#0"},
				"west": {"uv": [7.25, 8.5, 7.5, 8.75], "texture": "#0"},
				"up": {"uv": [12.25, 4.75, 5.75, 4.5], "texture": "#0"},
				"down": {"uv": [12.25, 4.75, 5.75, 5], "texture": "#0"}
			}
		},
		{
			"from": [25.51, 0, 0.001],
			"to": [26.51, 0.82, 1.001],
			"rotation": {"angle": 0, "axis": "y", "origin": [25, 0, 0]},
			"faces": {
				"north": {"uv": [8.5, 7.25, 8.75, 7.5], "texture": "#0"},
				"east": {"uv": [7.5, 8.5, 7.75, 8.75], "texture": "#0"},
				"south": {"uv": [8.5, 7.5, 8.75, 7.75], "texture": "#0"},
				"west": {"uv": [7.75, 8.5, 8, 8.75], "texture": "#0"},
				"up": {"uv": [8.75, 8, 8.5, 7.75], "texture": "#0"},
				"down": {"uv": [8.25, 8.5, 8, 8.75], "texture": "#0"}
			}
		},
		{
			"from": [25.51, 0, 15.001],
			"to": [26.51, 0.82, 16.001],
			"rotation": {"angle": 0, "axis": "y", "origin": [25, 0, 15]},
			"faces": {
				"north": {"uv": [8.5, 8, 8.75, 8.25], "texture": "#0"},
				"east": {"uv": [8.25, 8.5, 8.5, 8.75], "texture": "#0"},
				"south": {"uv": [8.5, 8.25, 8.75, 8.5], "texture": "#0"},
				"west": {"uv": [8.5, 8.5, 8.75, 8.75], "texture": "#0"},
				"up": {"uv": [9, 6.75, 8.75, 6.5], "texture": "#0"},
				"down": {"uv": [9, 6.75, 8.75, 7], "texture": "#0"}
			}
		},
		{
			"from": [11, 1, 0],
			"to": [12, 18.5, 1],
			"rotation": {"angle": 40, "axis": "z", "origin": [12, 1, 1]},
			"faces": {
				"north": {"uv": [5.75, 5.5, 6, 10], "texture": "#0"},
				"east": {"uv": [6, 5.5, 6.25, 10], "texture": "#0"},
				"south": {"uv": [6.25, 5.5, 6.5, 10], "texture": "#0"},
				"west": {"uv": [6.5, 5.5, 6.75, 10], "texture": "#0"},
				"up": {"uv": [9, 7.25, 8.75, 7], "texture": "#0"},
				"down": {"uv": [7.5, 8.75, 7.25, 9], "texture": "#0"}
			}
		},
		{
			"from": [11, 0, 15.001],
			"to": [12, 1, 16.001],
			"rotation": {"angle": 0, "axis": "y", "origin": [11, 0, 15]},
			"faces": {
				"north": {"uv": [8.75, 7.25, 9, 7.5], "texture": "#0"},
				"east": {"uv": [7.5, 8.75, 7.75, 9], "texture": "#0"},
				"south": {"uv": [8.75, 7.5, 9, 7.75], "texture": "#0"},
				"west": {"uv": [7.75, 8.75, 8, 9], "texture": "#0"},
				"up": {"uv": [9, 8, 8.75, 7.75], "texture": "#0"},
				"down": {"uv": [8.25, 8.75, 8, 9], "texture": "#0"}
			}
		},
		{
			"from": [11, 1, 15],
			"to": [12, 18.5, 16],
			"rotation": {"angle": 40, "axis": "z", "origin": [12, 1, 16]},
			"faces": {
				"north": {"uv": [6.75, 5.5, 7, 10], "texture": "#0"},
				"east": {"uv": [0, 7, 0.25, 11.5], "texture": "#0"},
				"south": {"uv": [0.25, 7, 0.5, 11.5], "texture": "#0"},
				"west": {"uv": [0.5, 7, 0.75, 11.5], "texture": "#0"},
				"up": {"uv": [9, 8.25, 8.75, 8], "texture": "#0"},
				"down": {"uv": [8.5, 8.75, 8.25, 9], "texture": "#0"}
			}
		},
		{
			"from": [14.75, 21, 0.001],
			"to": [15.75, 22, 16.001],
			"rotation": {"angle": 40, "axis": "z", "origin": [20, -2, 1]},
			"faces": {
				"north": {"uv": [8.75, 8.25, 9, 8.5], "texture": "#0"},
				"east": {"uv": [0.75, 7, 4.75, 7.25], "texture": "#0"},
				"south": {"uv": [8.5, 8.75, 8.75, 9], "texture": "#0"},
				"west": {"uv": [7, 5.5, 11, 5.75], "texture": "#0"},
				"up": {"uv": [5, 11, 4.75, 7], "texture": "#0"},
				"down": {"uv": [5.25, 7, 5, 11], "texture": "#0"}
			}
		},
		{
			"from": [30.99, 5.7, 0.002],
			"to": [31.99, 6.7, 16.002],
			"rotation": {"angle": 0, "axis": "z", "origin": [36, -17, 1]},
			"faces": {
				"north": {"uv": [8.75, 8.5, 9, 8.75], "texture": "#0"},
				"east": {"uv": [7, 5.75, 11, 6], "texture": "#0"},
				"south": {"uv": [8.75, 8.75, 9, 9], "texture": "#0"},
				"west": {"uv": [7, 6, 11, 6.25], "texture": "#0"},
				"up": {"uv": [5.5, 11, 5.25, 7], "texture": "#0"},
				"down": {"uv": [5.75, 7, 5.5, 11], "texture": "#0"}
			}
		},
		{
			"from": [11, 0, 0.001],
			"to": [12, 1, 1.001],
			"rotation": {"angle": 0, "axis": "y", "origin": [11, 0, 0]},
			"faces": {
				"north": {"uv": [9, 6.5, 9.25, 6.75], "texture": "#0"},
				"east": {"uv": [9, 6.75, 9.25, 7], "texture": "#0"},
				"south": {"uv": [9, 7, 9.25, 7.25], "texture": "#0"},
				"west": {"uv": [7.25, 9, 7.5, 9.25], "texture": "#0"},
				"up": {"uv": [9.25, 7.5, 9, 7.25], "texture": "#0"},
				"down": {"uv": [7.75, 9, 7.5, 9.25], "texture": "#0"}
			}
		},
		{
			"from": [8, 6, 1],
			"to": [31, 6.25, 15],
			"rotation": {"angle": 0, "axis": "z", "origin": [9, 6, 1]},
			"faces": {
				"north": {"uv": [5.75, 5, 11.5, 5.25], "texture": "#0"},
				"east": {"uv": [1, 7.25, 4.5, 7.5], "texture": "#0"},
				"south": {"uv": [5.75, 5.25, 11.5, 5.5], "texture": "#0"},
				"west": {"uv": [7.25, 6.25, 10.75, 6.5], "texture": "#0"},
				"up": {"uv": [5.75, 3.5, 0, 0], "texture": "#0"},
				"down": {"uv": [5.75, 3.5, 0, 7], "texture": "#0"}
			}
		},
		{
			"from": [4.5, 7, 1],
			"to": [4.75, 13, 15],
			"rotation": {"angle": 40, "axis": "z", "origin": [5, 9, 1]},
			"faces": {
				"north": {"uv": [7.5, 6.5, 7.75, 8], "texture": "#0"},
				"east": {"uv": [5.75, 0, 9.25, 1.5], "texture": "#0"},
				"south": {"uv": [7.75, 6.5, 8, 8], "texture": "#0"},
				"west": {"uv": [5.75, 1.5, 9.25, 3], "texture": "#0"},
				"up": {"uv": [7.25, 9.75, 7, 6.25], "texture": "#0"},
				"down": {"uv": [1, 7.25, 0.75, 10.75], "texture": "#0"}
			}
		}
	],
	"groups": [
		{
			"name": "Transats",
			"origin": [0, 0, 0],
			"color": 0,
			"children": [
				{
					"name": "cadre",
					"origin": [8, 8, 8],
					"color": 0,
					"children": [0, 1, 2, 3, 4, 5, 6, 7, 8, 9, 10, 11, 12, 13, 14, 15]
				},
				{
					"name": "draps",
					"origin": [0, 0, 0],
					"color": 0,
					"children": [16, 17]
				}
			]
		}
	]
}