{
	"parent": "block/cube_all",
	"textures": {
		"texture": "block/tabouret_rouge"
	},
	"elements": [
		{
			"from": [14, 0, 0],
			"to": [16, 8, 2],
			"faces": {
				"north": {"uv": [5.75, 6, 6.25, 8], "texture": "#texture"},
				"east": {"uv": [6.25, 6, 6.75, 8], "texture": "#texture"},
				"south": {"uv": [6.75, 0, 7.25, 2], "texture": "#texture"},
				"west": {"uv": [6.75, 2, 7.25, 4], "texture": "#texture"},
				"up": {"uv": [8.25, 2.5, 7.75, 2], "texture": "#texture"},
				"down": {"uv": [8.25, 2.5, 7.75, 3], "texture": "#texture"}
			}
		},
		{
			"from": [0, 0, 0],
			"to": [2, 8, 2],
			"faces": {
				"north": {"uv": [6.75, 6, 7.25, 8], "texture": "#texture"},
				"east": {"uv": [7.25, 0, 7.75, 2], "texture": "#texture"},
				"south": {"uv": [7.25, 2, 7.75, 4], "texture": "#texture"},
				"west": {"uv": [7.25, 6, 7.75, 8], "texture": "#texture"},
				"up": {"uv": [8.25, 3.5, 7.75, 3], "texture": "#texture"},
				"down": {"uv": [8.25, 3.5, 7.75, 4], "texture": "#texture"}
			}
		},
		{
			"from": [14, 0, 14],
			"to": [16, 8, 16],
			"faces": {
				"north": {"uv": [0, 7.5, 0.5, 9.5], "texture": "#texture"},
				"east": {"uv": [0.5, 7.5, 1, 9.5], "texture": "#texture"},
				"south": {"uv": [1, 7.5, 1.5, 9.5], "texture": "#texture"},
				"west": {"uv": [1.5, 7.5, 2, 9.5], "texture": "#texture"},
				"up": {"uv": [8.25, 5.5, 7.75, 5], "texture": "#texture"},
				"down": {"uv": [8.25, 5.5, 7.75, 6], "texture": "#texture"}
			}
		},
		{
			"from": [0, 0, 14],
			"to": [2, 8, 16],
			"faces": {
				"north": {"uv": [2, 7.5, 2.5, 9.5], "texture": "#texture"},
				"east": {"uv": [2.5, 7.5, 3, 9.5], "texture": "#texture"},
				"south": {"uv": [3, 7.5, 3.5, 9.5], "texture": "#texture"},
				"west": {"uv": [7.75, 0, 8.25, 2], "texture": "#texture"},
				"up": {"uv": [8.25, 6.5, 7.75, 6], "texture": "#texture"},
				"down": {"uv": [8.25, 6.5, 7.75, 7], "texture": "#texture"}
			}
		},
		{
			"from": [2, 6, 0],
			"to": [14, 8, 2],
			"faces": {
				"north": {"uv": [3.75, 0, 6.75, 0.5], "texture": "#texture"},
				"east": {"uv": [7.75, 7, 8.25, 7.5], "texture": "#texture"},
				"south": {"uv": [3.75, 0.5, 6.75, 1], "texture": "#texture"},
				"west": {"uv": [7.75, 7.5, 8.25, 8], "texture": "#texture"},
				"up": {"uv": [6.75, 1.5, 3.75, 1], "texture": "#texture"},
				"down": {"uv": [6.75, 1.5, 3.75, 2], "texture": "#texture"}
			}
		},
		{
			"from": [2, 6, 14],
			"to": [14, 8, 16],
			"faces": {
				"north": {"uv": [3.75, 2, 6.75, 2.5], "texture": "#texture"},
				"east": {"uv": [3.5, 8, 4, 8.5], "texture": "#texture"},
				"south": {"uv": [3.75, 2.5, 6.75, 3], "texture": "#texture"},
				"west": {"uv": [4, 8, 4.5, 8.5], "texture": "#texture"},
				"up": {"uv": [6.75, 3.5, 3.75, 3], "texture": "#texture"},
				"down": {"uv": [6.75, 3.5, 3.75, 4], "texture": "#texture"}
			}
		},
		{
			"from": [0, 6, 2],
			"to": [2, 8, 14],
			"faces": {
				"north": {"uv": [5.75, 8, 6.25, 8.5], "texture": "#texture"},
				"east": {"uv": [3.75, 4, 6.75, 4.5], "texture": "#texture"},
				"south": {"uv": [6.25, 8, 6.75, 8.5], "texture": "#texture"},
				"west": {"uv": [3.75, 4.5, 6.75, 5], "texture": "#texture"},
				"up": {"uv": [4.25, 8, 3.75, 5], "texture": "#texture"},
				"down": {"uv": [4.75, 5, 4.25, 8], "texture": "#texture"}
			}
		},
		{
			"from": [14, 6, 2],
			"to": [16, 8, 14],
			"faces": {
				"north": {"uv": [6.75, 8, 7.25, 8.5], "texture": "#texture"},
				"east": {"uv": [4.75, 5, 7.75, 5.5], "texture": "#texture"},
				"south": {"uv": [7.25, 8, 7.75, 8.5], "texture": "#texture"},
				"west": {"uv": [4.75, 5.5, 7.75, 6], "texture": "#texture"},
				"up": {"uv": [5.25, 9, 4.75, 6], "texture": "#texture"},
				"down": {"uv": [5.75, 6, 5.25, 9], "texture": "#texture"}
			}
		},
		{
			"from": [0.5, 8, 0.5],
			"to": [15.5, 9, 15.5],
			"faces": {
				"north": {"uv": [6.75, 4, 10.5, 4.25], "texture": "#texture"},
				"east": {"uv": [6.75, 4.25, 10.5, 4.5], "texture": "#texture"},
				"south": {"uv": [6.75, 4.5, 10.5, 4.75], "texture": "#texture"},
				"west": {"uv": [6.75, 4.75, 10.5, 5], "texture": "#texture"},
				"up": {"uv": [3.75, 3.75, 0, 0], "texture": "#texture"},
				"down": {"uv": [3.75, 3.75, 0, 7.5], "texture": "#texture"}
			}
		}
	],
	"display": {
		"thirdperson_righthand": {
			"scale": [0.5, 0.5, 0.5]
		}
	},
	"groups": [
		{
			"name": "tabourets",
			"origin": [8, 8, 8],
			"color": 0,
			"children": [
				{
					"name": "cadre",
					"origin": [8, 8, 8],
					"color": 0,
					"children": [0, 1, 2, 3, 4, 5, 6, 7]
				},
				{
					"name": "siege",
					"origin": [8, 8, 8],
					"color": 0,
					"children": [8]
				}
			]
		}
	]
}