{
	"parent": "block/cube_all",
	"textures": {
		"texture": "block/transat_rouge"
	},
	"elements": [
		{
        "from": [0, 0, 0],
        "to": [16, 16, 32],
        "faces": {
        "north": {"uv": [0, 0, 16, 16], "texture": "#texture"},
    	"east": {"uv": [0, 0, 32, 16], "texture": "#texture"},
    	"south": {"uv": [0, 0, 16, 16], "texture": "#texture"},
    	"west": {"uv": [0, 0, 32, 16], "texture": "#texture"},
    	"up": {"uv": [0, 0, 16, 32], "texture": "#texture"},
    	"down": {"uv": [0, 0, 16, 32], "texture": "#texture"}
        }
    }
]
}